{"v":"5.12.1","fr":29.9700012207031,"ip":0,"op":30.0000012219251,"w":180,"h":120,"nm":"home","ddd":0,"assets":[],"layers":[{"ddd":0,"ind":1,"ty":4,"nm":"line","parent":2,"sr":1,"ks":{"o":{"a":0,"k":100,"ix":11},"r":{"a":0,"k":0,"ix":10},"p":{"a":1,"k":[{"i":{"x":0.833,"y":0.833},"o":{"x":0.167,"y":0.167},"t":1,"s":[-0.866,19.564,0],"to":[0,0,0],"ti":[0,0,0]},{"i":{"x":0.833,"y":0.833},"o":{"x":0.167,"y":0.167},"t":8,"s":[-0.866,16.064,0],"to":[0,0,0],"ti":[0,0,0]},{"i":{"x":0.833,"y":0.833},"o":{"x":0.167,"y":0.167},"t":12,"s":[-0.866,23.314,0],"to":[0,0,0],"ti":[0,0,0]},{"t":16.0000006516934,"s":[-0.866,19.564,0]}],"ix":2,"l":2},"a":{"a":0,"k":[0,0,0],"ix":1,"l":2},"s":{"a":0,"k":[100,100,100],"ix":6,"l":2}},"ao":0,"shapes":[{"ty":"gr","it":[{"ind":0,"ty":"sh","ix":1,"ks":{"a":0,"k":{"i":[[0,0],[0,0]],"o":[[0,0],[0,0]],"v":[[-5.785,0],[5.785,0]],"c":false},"ix":2},"nm":"Path 1","mn":"ADBE Vector Shape - Group","hd":false},{"ty":"st","c":{"a":1,"k":[{"i":{"x":[0.833],"y":[0.833]},"o":{"x":[0.167],"y":[0.167]},"t":7,"s":[0.614768743515,0.687502741814,0.682296574116,1]},{"t":14.0000005702317,"s":[0.305882364511,0.941176474094,0.615686297417,1]}],"ix":3},"o":{"a":0,"k":100,"ix":4},"w":{"a":0,"k":4.607,"ix":5},"lc":2,"lj":1,"ml":4,"bm":0,"nm":"Stroke 1","mn":"ADBE Vector Graphic - Stroke","hd":false},{"ty":"tr","p":{"a":0,"k":[0,0],"ix":2},"a":{"a":0,"k":[0,0],"ix":1},"s":{"a":0,"k":[100,100],"ix":3},"r":{"a":0,"k":0,"ix":6},"o":{"a":0,"k":100,"ix":7},"sk":{"a":0,"k":0,"ix":4},"sa":{"a":0,"k":0,"ix":5},"nm":"Transform"}],"nm":"Group 1","np":2,"cix":2,"bm":0,"ix":1,"mn":"ADBE Vector Group","hd":false}],"ip":0,"op":900.000036657751,"st":0,"ct":1,"bm":0},{"ddd":0,"ind":2,"ty":4,"nm":"home","sr":1,"ks":{"o":{"a":0,"k":100,"ix":11},"r":{"a":0,"k":0,"ix":10},"p":{"a":1,"k":[{"i":{"x":0,"y":1},"o":{"x":0,"y":0},"t":1,"s":[89.5,90.5,0],"to":[0,0,0],"ti":[0,0,0]},{"i":{"x":1,"y":1},"o":{"x":1,"y":0},"t":5,"s":[89.5,84.5,0],"to":[0,0,0],"ti":[0,0,0]},{"t":9.00000036657752,"s":[89.5,90.5,0]}],"ix":2,"l":2},"a":{"a":0,"k":[-0.5,30.5,0],"ix":1,"l":2},"s":{"a":0,"k":[100,100,100],"ix":6,"l":2}},"ao":0,"ef":[{"ty":25,"nm":"Drop Shadow 2","np":8,"mn":"ADBE Drop Shadow","ix":1,"en":1,"ef":[{"ty":2,"nm":"Shadow Color","mn":"ADBE Drop Shadow-0001","ix":1,"v":{"a":0,"k":[0.305882364511,0.941176533699,0.615686297417,1],"ix":1}},{"ty":0,"nm":"Opacity","mn":"ADBE Drop Shadow-0002","ix":2,"v":{"a":1,"k":[{"i":{"x":[0.833],"y":[0.833]},"o":{"x":[0.167],"y":[0.167]},"t":9,"s":[0]},{"i":{"x":[0.833],"y":[0.833]},"o":{"x":[0.167],"y":[0.167]},"t":14,"s":[76.5]},{"t":23.0000009368092,"s":[127.5]}],"ix":2}},{"ty":0,"nm":"Direction","mn":"ADBE Drop Shadow-0003","ix":3,"v":{"a":0,"k":135,"ix":3}},{"ty":0,"nm":"Distance","mn":"ADBE Drop Shadow-0004","ix":4,"v":{"a":0,"k":0,"ix":4}},{"ty":0,"nm":"Softness","mn":"ADBE Drop Shadow-0005","ix":5,"v":{"a":0,"k":44,"ix":5}},{"ty":7,"nm":"Shadow Only","mn":"ADBE Drop Shadow-0006","ix":6,"v":{"a":0,"k":0,"ix":6}}]}],"shapes":[{"ty":"gr","it":[{"ind":0,"ty":"sh","ix":1,"ks":{"a":1,"k":[{"i":{"x":0.667,"y":0.947},"o":{"x":0.333,"y":0},"t":6,"s":[{"i":[[7.091,0],[0,0],[0,6.767],[0,0],[1.612,1.538],[-4.271,2.964],[0,0],[-4.503,-3.125],[0,0],[3.735,-3.564],[0,-2.175],[0,0]],"o":[[0,0],[-7.091,0],[0,0],[0,-2.175],[-3.735,-3.564],[0,0],[4.503,-3.125],[0,0],[4.271,2.964],[-1.612,1.538],[0,0],[0,6.767]],"v":[[12.84,30.715],[-12.84,30.715],[-25.68,18.462],[-25.68,3.48],[-28.197,-2.32],[-27.175,-14.753],[-7.552,-28.371],[7.552,-28.371],[27.175,-14.753],[28.197,-2.32],[25.68,3.48],[25.68,18.462]],"c":true}]},{"i":{"x":0.667,"y":1},"o":{"x":0.333,"y":0.053},"t":10,"s":[{"i":[[7.091,0],[0,0],[0,6.767],[0,0],[1.612,1.538],[-4.271,2.964],[0,0],[-4.503,-3.125],[0,0],[3.735,-3.564],[0,-2.175],[0,0]],"o":[[0,0],[-7.091,0],[0,0],[0,-2.175],[-3.735,-3.564],[0,0],[4.503,-3.125],[0,0],[4.271,2.964],[-1.612,1.538],[0,0],[0,6.767]],"v":[[12.84,30.715],[-12.84,30.715],[-28.18,18.462],[-28.18,3.48],[-31.322,-2.32],[-30.3,-12.878],[-7.552,-26.496],[7.552,-26.496],[30.3,-12.878],[31.322,-2.32],[28.18,3.48],[28.18,18.462]],"c":true}]},{"t":14.0000005702317,"s":[{"i":[[7.091,0],[0,0],[0,6.767],[0,0],[1.612,1.538],[-4.271,2.964],[0,0],[-4.503,-3.125],[0,0],[3.735,-3.564],[0,-2.175],[0,0]],"o":[[0,0],[-7.091,0],[0,0],[0,-2.175],[-3.735,-3.564],[0,0],[4.503,-3.125],[0,0],[4.271,2.964],[-1.612,1.538],[0,0],[0,6.767]],"v":[[12.84,30.715],[-12.84,30.715],[-25.68,18.462],[-25.68,3.48],[-28.197,-2.32],[-27.175,-14.753],[-7.552,-28.371],[7.552,-28.371],[27.175,-14.753],[28.197,-2.32],[25.68,3.48],[25.68,18.462]],"c":true}]}],"ix":2},"nm":"Path 1","mn":"ADBE Vector Shape - Group","hd":false},{"ty":"st","c":{"a":1,"k":[{"i":{"x":[0.833],"y":[0.833]},"o":{"x":[0.167],"y":[0.167]},"t":7,"s":[0.614768743515,0.687502741814,0.682296574116,1]},{"t":15.0000006109625,"s":[0.305882364511,0.941176474094,0.615686297417,1]}],"ix":3},"o":{"a":0,"k":100,"ix":4},"w":{"a":0,"k":4.607,"ix":5},"lc":2,"lj":1,"ml":4,"bm":0,"nm":"Stroke 1","mn":"ADBE Vector Graphic - Stroke","hd":false},{"ty":"tr","p":{"a":0,"k":[0,0],"ix":2},"a":{"a":0,"k":[0,0],"ix":1},"s":{"a":0,"k":[100,100],"ix":3},"r":{"a":0,"k":0,"ix":6},"o":{"a":0,"k":100,"ix":7},"sk":{"a":0,"k":0,"ix":4},"sa":{"a":0,"k":0,"ix":5},"nm":"Transform"}],"nm":"Group 1","np":2,"cix":2,"bm":0,"ix":1,"mn":"ADBE Vector Group","hd":false},{"ty":"gr","it":[{"ty":"rc","d":1,"s":{"a":0,"k":[96.617,86.475],"ix":2},"p":{"a":0,"k":[0,0],"ix":3},"r":{"a":0,"k":0,"ix":4},"nm":"Rectangle Path 1","mn":"ADBE Vector Shape - Rect","hd":false},{"ty":"fl","c":{"a":0,"k":[0.305881993911,0.941177009134,0.615685975318,1],"ix":4},"o":{"a":0,"k":0,"ix":5},"r":1,"bm":0,"nm":"Fill 1","mn":"ADBE Vector Graphic - Fill","hd":false},{"ty":"tr","p":{"a":0,"k":[0.809,-0.263],"ix":2},"a":{"a":0,"k":[0,0],"ix":1},"s":{"a":0,"k":[138.668,100],"ix":3},"r":{"a":0,"k":0,"ix":6},"o":{"a":0,"k":100,"ix":7},"sk":{"a":0,"k":0,"ix":4},"sa":{"a":0,"k":0,"ix":5},"nm":"Transform"}],"nm":"Rectangle 1","np":3,"cix":2,"bm":0,"ix":2,"mn":"ADBE Vector Group","hd":false},{"ty":"tm","s":{"a":0,"k":0,"ix":1},"e":{"a":0,"k":100,"ix":2},"o":{"a":0,"k":0,"ix":3},"m":1,"ix":3,"nm":"Trim Paths 1","mn":"ADBE Vector Filter - Trim","hd":false}],"ip":0,"op":900.000036657751,"st":0,"ct":1,"bm":0},{"ddd":0,"ind":3,"ty":4,"nm":"bg","sr":1,"ks":{"o":{"a":0,"k":100,"ix":11},"r":{"a":0,"k":0,"ix":10},"p":{"a":0,"k":[90,60,0],"ix":2,"l":2},"a":{"a":0,"k":[0,0,0],"ix":1,"l":2},"s":{"a":1,"k":[{"i":{"x":[0,0,0.667],"y":[1,1,1]},"o":{"x":[0,0,0.333],"y":[0,0,0]},"t":8,"s":[50,50,100]},{"i":{"x":[0,0,0.667],"y":[1,1,1]},"o":{"x":[0.333,0.333,0.333],"y":[0,0,0]},"t":14,"s":[105,105,100]},{"t":20.0000008146167,"s":[100,100,100]}],"ix":6,"l":2}},"ao":0,"shapes":[{"ty":"gr","it":[{"ind":0,"ty":"sh","ix":1,"ks":{"a":0,"k":{"i":[[-23.749,0],[0,0],[0,-23.749],[0,0],[23.749,0],[0,0],[0,23.749],[0,0]],"o":[[0,0],[23.749,0],[0,0],[0,23.749],[0,0],[-23.749,0],[0,0],[0,-23.749]],"v":[[-24.572,-43.001],[24.572,-43.001],[67.573,0],[67.573,0],[24.572,43.001],[-24.572,43.001],[-67.573,0],[-67.573,0]],"c":true},"ix":2},"nm":"Path 1","mn":"ADBE Vector Shape - Group","hd":false},{"ty":"fl","c":{"a":0,"k":[0.305882352941,0.941176530427,0.61568627451,1],"ix":4},"o":{"a":0,"k":10,"ix":5},"r":1,"bm":0,"nm":"Fill 1","mn":"ADBE Vector Graphic - Fill","hd":false},{"ty":"tr","p":{"a":0,"k":[0,0],"ix":2},"a":{"a":0,"k":[0,0],"ix":1},"s":{"a":0,"k":[100,100],"ix":3},"r":{"a":0,"k":0,"ix":6},"o":{"a":0,"k":100,"ix":7},"sk":{"a":0,"k":0,"ix":4},"sa":{"a":0,"k":0,"ix":5},"nm":"Transform"}],"nm":"Group 1","np":2,"cix":2,"bm":0,"ix":1,"mn":"ADBE Vector Group","hd":false}],"ip":8.00000032584668,"op":898.00003657629,"st":-2.00000008146167,"ct":1,"bm":0}],"markers":[],"props":{}}