{"v":"5.12.1","fr":29.9700012207031,"ip":0,"op":30.0000012219251,"w":180,"h":120,"nm":"markets","ddd":0,"assets":[],"layers":[{"ddd":0,"ind":1,"ty":3,"nm":"Null 1","sr":1,"ks":{"o":{"a":0,"k":0,"ix":11},"r":{"a":0,"k":0,"ix":10},"p":{"a":1,"k":[{"i":{"x":0,"y":1},"o":{"x":0,"y":0},"t":1,"s":[89.5,90.5,0],"to":[0,0,0],"ti":[0,0,0]},{"i":{"x":1,"y":1},"o":{"x":1,"y":0},"t":5,"s":[89.5,84.5,0],"to":[0,0,0],"ti":[0,0,0]},{"t":9.00000036657752,"s":[89.5,90.5,0]}],"ix":2,"l":2},"a":{"a":0,"k":[0,0,0],"ix":1,"l":2},"s":{"a":0,"k":[47,47,100],"ix":6,"l":2}},"ao":0,"ip":0,"op":900.000036657751,"st":0,"bm":0},{"ddd":0,"ind":2,"ty":4,"nm":"Layer 3","parent":1,"sr":1,"ks":{"o":{"a":0,"k":100,"ix":11},"r":{"a":0,"k":0,"ix":10},"p":{"a":0,"k":[57.907,-4.909,0],"ix":2,"l":2},"a":{"a":0,"k":[0.5,22,0],"ix":1,"l":2},"s":{"a":0,"k":[212.766,212.766,100],"ix":6,"l":2}},"ao":0,"ef":[{"ty":25,"nm":"Drop Shadow 2","np":8,"mn":"ADBE Drop Shadow","ix":1,"en":1,"ef":[{"ty":2,"nm":"Shadow Color","mn":"ADBE Drop Shadow-0001","ix":1,"v":{"a":0,"k":[0.305882364511,0.941176533699,0.615686297417,1],"ix":1}},{"ty":0,"nm":"Opacity","mn":"ADBE Drop Shadow-0002","ix":2,"v":{"a":1,"k":[{"i":{"x":[0.833],"y":[0.833]},"o":{"x":[0.167],"y":[0.167]},"t":7,"s":[0]},{"i":{"x":[0.833],"y":[0.833]},"o":{"x":[0.167],"y":[0.167]},"t":13,"s":[127.5]},{"t":21.0000008553475,"s":[76.5]}],"ix":2}},{"ty":0,"nm":"Direction","mn":"ADBE Drop Shadow-0003","ix":3,"v":{"a":0,"k":135,"ix":3}},{"ty":0,"nm":"Distance","mn":"ADBE Drop Shadow-0004","ix":4,"v":{"a":0,"k":0,"ix":4}},{"ty":0,"nm":"Softness","mn":"ADBE Drop Shadow-0005","ix":5,"v":{"a":0,"k":44,"ix":5}},{"ty":7,"nm":"Shadow Only","mn":"ADBE Drop Shadow-0006","ix":6,"v":{"a":0,"k":0,"ix":6}}]}],"shapes":[{"ty":"gr","it":[{"ind":0,"ty":"sh","ix":1,"ks":{"a":1,"k":[{"i":{"x":0.192,"y":0.72},"o":{"x":0.333,"y":0},"t":4,"s":[{"i":[[-3.62,0],[0,0],[0,-3.62],[0,0],[3.62,0],[0,0],[0,3.62],[0,0]],"o":[[0,0],[3.62,0],[0,0],[0,3.62],[0,0],[-3.62,0],[0,0],[0,-3.62]],"v":[[0,-21.301],[0,-21.301],[6.554,-14.747],[6.554,14.747],[0,21.301],[0,21.301],[-6.554,14.747],[-6.554,-14.747]],"c":true}]},{"i":{"x":0.667,"y":1},"o":{"x":0.712,"y":0.247},"t":10,"s":[{"i":[[-3.62,0],[0,0],[0,-3.62],[0,0],[3.62,0],[0,0],[0,3.62],[0,0]],"o":[[0,0],[3.62,0],[0,0],[0,3.62],[0,0],[-3.62,0],[0,0],[0,-3.62]],"v":[[0,-33.176],[0,-33.176],[6.554,-26.622],[6.554,14.747],[0,21.301],[0,21.301],[-6.554,14.747],[-6.554,-26.622]],"c":true}]},{"t":16.0000006516934,"s":[{"i":[[-3.62,0],[0,0],[0,-3.62],[0,0],[3.62,0],[0,0],[0,3.62],[0,0]],"o":[[0,0],[3.62,0],[0,0],[0,3.62],[0,0],[-3.62,0],[0,0],[0,-3.62]],"v":[[0,-21.301],[0,-21.301],[6.554,-14.747],[6.554,14.747],[0,21.301],[0,21.301],[-6.554,14.747],[-6.554,-14.747]],"c":true}]}],"ix":2},"nm":"Path 1","mn":"ADBE Vector Shape - Group","hd":false},{"ty":"st","c":{"a":1,"k":[{"i":{"x":[0.833],"y":[0.833]},"o":{"x":[0.167],"y":[0.167]},"t":7,"s":[0.614768743515,0.687502741814,0.682296574116,1]},{"t":14.0000005702317,"s":[0.305882364511,0.941176474094,0.615686297417,1]}],"ix":3},"o":{"a":0,"k":100,"ix":4},"w":{"a":0,"k":4.916,"ix":5},"lc":1,"lj":1,"ml":4,"bm":0,"nm":"Stroke 1","mn":"ADBE Vector Graphic - Stroke","hd":false},{"ty":"tr","p":{"a":0,"k":[0,0],"ix":2},"a":{"a":0,"k":[0,0],"ix":1},"s":{"a":0,"k":[100,100],"ix":3},"r":{"a":0,"k":0,"ix":6},"o":{"a":0,"k":100,"ix":7},"sk":{"a":0,"k":0,"ix":4},"sa":{"a":0,"k":0,"ix":5},"nm":"Transform"}],"nm":"Group 1","np":2,"cix":2,"bm":0,"ix":1,"mn":"ADBE Vector Group","hd":false},{"ty":"gr","it":[{"ty":"rc","d":1,"s":{"a":0,"k":[96.617,86.475],"ix":2},"p":{"a":0,"k":[0,0],"ix":3},"r":{"a":0,"k":0,"ix":4},"nm":"Rectangle Path 1","mn":"ADBE Vector Shape - Rect","hd":false},{"ty":"fl","c":{"a":0,"k":[0.305881993911,0.941177009134,0.615685975318,1],"ix":4},"o":{"a":0,"k":0,"ix":5},"r":1,"bm":0,"nm":"Fill 1","mn":"ADBE Vector Graphic - Fill","hd":false},{"ty":"tr","p":{"a":0,"k":[0.809,-0.263],"ix":2},"a":{"a":0,"k":[0,0],"ix":1},"s":{"a":0,"k":[138.668,100],"ix":3},"r":{"a":0,"k":0,"ix":6},"o":{"a":0,"k":100,"ix":7},"sk":{"a":0,"k":0,"ix":4},"sa":{"a":0,"k":0,"ix":5},"nm":"Transform"}],"nm":"Rectangle 1","np":3,"cix":2,"bm":0,"ix":2,"mn":"ADBE Vector Group","hd":false}],"ip":0,"op":900.000036657751,"st":0,"ct":1,"bm":0},{"ddd":0,"ind":3,"ty":4,"nm":"Layer 2","parent":1,"sr":1,"ks":{"o":{"a":0,"k":100,"ix":11},"r":{"a":0,"k":0,"ix":10},"p":{"a":0,"k":[2.128,-7.447,0],"ix":2,"l":2},"a":{"a":0,"k":[0.5,29,0],"ix":1,"l":2},"s":{"a":0,"k":[212.766,212.766,100],"ix":6,"l":2}},"ao":0,"ef":[{"ty":25,"nm":"Drop Shadow 2","np":8,"mn":"ADBE Drop Shadow","ix":1,"en":1,"ef":[{"ty":2,"nm":"Shadow Color","mn":"ADBE Drop Shadow-0001","ix":1,"v":{"a":0,"k":[0.305882364511,0.941176533699,0.615686297417,1],"ix":1}},{"ty":0,"nm":"Opacity","mn":"ADBE Drop Shadow-0002","ix":2,"v":{"a":1,"k":[{"i":{"x":[0.833],"y":[0.833]},"o":{"x":[0.167],"y":[0.167]},"t":11,"s":[0]},{"i":{"x":[0.833],"y":[0.833]},"o":{"x":[0.167],"y":[0.167]},"t":16,"s":[76.5]},{"i":{"x":[0.833],"y":[0.833]},"o":{"x":[0.167],"y":[0.167]},"t":17,"s":[127.5]},{"i":{"x":[0.833],"y":[0.833]},"o":{"x":[0.167],"y":[0.167]},"t":19,"s":[76.5]},{"t":21.0000008553475,"s":[76.5]}],"ix":2}},{"ty":0,"nm":"Direction","mn":"ADBE Drop Shadow-0003","ix":3,"v":{"a":0,"k":135,"ix":3}},{"ty":0,"nm":"Distance","mn":"ADBE Drop Shadow-0004","ix":4,"v":{"a":0,"k":0,"ix":4}},{"ty":0,"nm":"Softness","mn":"ADBE Drop Shadow-0005","ix":5,"v":{"a":0,"k":44,"ix":5}},{"ty":7,"nm":"Shadow Only","mn":"ADBE Drop Shadow-0006","ix":6,"v":{"a":0,"k":0,"ix":6}}]}],"shapes":[{"ty":"gr","it":[{"ind":0,"ty":"sh","ix":1,"ks":{"a":1,"k":[{"i":{"x":0.166,"y":0.727},"o":{"x":0.173,"y":0},"t":2,"s":[{"i":[[-3.62,0],[0,0],[0,-3.62],[0,0],[3.62,0],[0,0],[0,3.62],[0,0]],"o":[[0,0],[3.62,0],[0,0],[0,3.62],[0,0],[-3.62,0],[0,0],[0,-3.62]],"v":[[0,-29.494],[0,-29.494],[6.554,-22.939],[6.554,22.939],[0,29.494],[0,29.494],[-6.554,22.939],[-6.554,-22.939]],"c":true}]},{"i":{"x":0.865,"y":1},"o":{"x":0.841,"y":0.275},"t":9,"s":[{"i":[[-3.62,0],[0,0],[0,-3.62],[0,0],[3.62,0],[0,0],[0,3.62],[0,0]],"o":[[0,0],[3.62,0],[0,0],[0,3.62],[0,0],[-3.62,0],[0,0],[0,-3.62]],"v":[[0,-18.869],[0,-18.869],[6.554,-12.314],[6.554,22.939],[0,29.494],[0,29.494],[-6.554,22.939],[-6.554,-12.314]],"c":true}]},{"t":16.0000006516934,"s":[{"i":[[-3.62,0],[0,0],[0,-3.62],[0,0],[3.62,0],[0,0],[0,3.62],[0,0]],"o":[[0,0],[3.62,0],[0,0],[0,3.62],[0,0],[-3.62,0],[0,0],[0,-3.62]],"v":[[0,-29.494],[0,-29.494],[6.554,-22.939],[6.554,22.939],[0,29.494],[0,29.494],[-6.554,22.939],[-6.554,-22.939]],"c":true}]}],"ix":2},"nm":"Path 1","mn":"ADBE Vector Shape - Group","hd":false},{"ty":"st","c":{"a":1,"k":[{"i":{"x":[0.833],"y":[0.833]},"o":{"x":[0.167],"y":[0.167]},"t":7,"s":[0.614768743515,0.687502741814,0.682296574116,1]},{"t":14.0000005702317,"s":[0.305882364511,0.941176474094,0.615686297417,1]}],"ix":3},"o":{"a":0,"k":100,"ix":4},"w":{"a":0,"k":4.916,"ix":5},"lc":1,"lj":1,"ml":4,"bm":0,"nm":"Stroke 1","mn":"ADBE Vector Graphic - Stroke","hd":false},{"ty":"tr","p":{"a":0,"k":[0,0],"ix":2},"a":{"a":0,"k":[0,0],"ix":1},"s":{"a":0,"k":[100,100],"ix":3},"r":{"a":0,"k":0,"ix":6},"o":{"a":0,"k":100,"ix":7},"sk":{"a":0,"k":0,"ix":4},"sa":{"a":0,"k":0,"ix":5},"nm":"Transform"}],"nm":"Group 1","np":2,"cix":2,"bm":0,"ix":1,"mn":"ADBE Vector Group","hd":false},{"ty":"gr","it":[{"ty":"rc","d":1,"s":{"a":0,"k":[96.617,86.475],"ix":2},"p":{"a":0,"k":[0,0],"ix":3},"r":{"a":0,"k":0,"ix":4},"nm":"Rectangle Path 1","mn":"ADBE Vector Shape - Rect","hd":false},{"ty":"fl","c":{"a":0,"k":[0.305881993911,0.941177009134,0.615685975318,1],"ix":4},"o":{"a":0,"k":0,"ix":5},"r":1,"bm":0,"nm":"Fill 1","mn":"ADBE Vector Graphic - Fill","hd":false},{"ty":"tr","p":{"a":0,"k":[0.809,-0.263],"ix":2},"a":{"a":0,"k":[0,0],"ix":1},"s":{"a":0,"k":[138.668,100],"ix":3},"r":{"a":0,"k":0,"ix":6},"o":{"a":0,"k":100,"ix":7},"sk":{"a":0,"k":0,"ix":4},"sa":{"a":0,"k":0,"ix":5},"nm":"Transform"}],"nm":"Rectangle 2","np":3,"cix":2,"bm":0,"ix":2,"mn":"ADBE Vector Group","hd":false}],"ip":0,"op":900.000036657751,"st":0,"ct":1,"bm":0},{"ddd":0,"ind":4,"ty":4,"nm":"Layer 1","parent":1,"sr":1,"ks":{"o":{"a":0,"k":100,"ix":11},"r":{"a":0,"k":0,"ix":10},"p":{"a":0,"k":[-55.78,-5.973,0],"ix":2,"l":2},"a":{"a":0,"k":[-0.5,21.5,0],"ix":1,"l":2},"s":{"a":0,"k":[212.766,212.766,100],"ix":6,"l":2}},"ao":0,"ef":[{"ty":25,"nm":"Drop Shadow 2","np":8,"mn":"ADBE Drop Shadow","ix":1,"en":1,"ef":[{"ty":2,"nm":"Shadow Color","mn":"ADBE Drop Shadow-0001","ix":1,"v":{"a":0,"k":[0.305882364511,0.941176533699,0.615686297417,1],"ix":1}},{"ty":0,"nm":"Opacity","mn":"ADBE Drop Shadow-0002","ix":2,"v":{"a":1,"k":[{"i":{"x":[0.833],"y":[0.833]},"o":{"x":[0.167],"y":[0.167]},"t":8,"s":[0]},{"t":16.0000006516934,"s":[102]}],"ix":2}},{"ty":0,"nm":"Direction","mn":"ADBE Drop Shadow-0003","ix":3,"v":{"a":0,"k":135,"ix":3}},{"ty":0,"nm":"Distance","mn":"ADBE Drop Shadow-0004","ix":4,"v":{"a":0,"k":0,"ix":4}},{"ty":0,"nm":"Softness","mn":"ADBE Drop Shadow-0005","ix":5,"v":{"a":0,"k":44,"ix":5}},{"ty":7,"nm":"Shadow Only","mn":"ADBE Drop Shadow-0006","ix":6,"v":{"a":0,"k":0,"ix":6}}]}],"shapes":[{"ty":"gr","it":[{"ind":0,"ty":"sh","ix":1,"ks":{"a":1,"k":[{"i":{"x":0.292,"y":0.814},"o":{"x":0.043,"y":0},"t":1,"s":[{"i":[[-3.62,0],[0,0],[0,-3.62],[0,0],[3.62,0],[0,0],[0,3.62],[0,0]],"o":[[0,0],[3.62,0],[0,0],[0,3.62],[0,0],[-3.62,0],[0,0],[0,-3.62]],"v":[[0,-21.301],[0,-21.301],[6.554,-14.747],[6.554,14.747],[0,21.301],[0,21.301],[-6.554,14.747],[-6.554,-14.747]],"c":true}]},{"i":{"x":0.667,"y":1},"o":{"x":0.703,"y":0.184},"t":7,"s":[{"i":[[-3.62,0],[0,0],[0,-3.62],[0,0],[3.62,0],[0,0],[0,3.62],[0,0]],"o":[[0,0],[3.62,0],[0,0],[0,3.62],[0,0],[-3.62,0],[0,0],[0,-3.62]],"v":[[-0.412,-30.738],[-0.412,-30.738],[6.142,-24.184],[6.554,14.747],[0,21.301],[0,21.301],[-6.554,14.747],[-6.966,-24.184]],"c":true}]},{"t":13.0000005295009,"s":[{"i":[[-3.62,0],[0,0],[0,-3.62],[0,0],[3.62,0],[0,0],[0,3.62],[0,0]],"o":[[0,0],[3.62,0],[0,0],[0,3.62],[0,0],[-3.62,0],[0,0],[0,-3.62]],"v":[[0,-21.301],[0,-21.301],[6.554,-14.747],[6.554,14.747],[0,21.301],[0,21.301],[-6.554,14.747],[-6.554,-14.747]],"c":true}]}],"ix":2},"nm":"Path 1","mn":"ADBE Vector Shape - Group","hd":false},{"ty":"st","c":{"a":1,"k":[{"i":{"x":[0.833],"y":[0.833]},"o":{"x":[0.167],"y":[0.167]},"t":7,"s":[0.614768743515,0.687502741814,0.682296574116,1]},{"t":14.0000005702317,"s":[0.305882364511,0.941176474094,0.615686297417,1]}],"ix":3},"o":{"a":0,"k":100,"ix":4},"w":{"a":0,"k":4.916,"ix":5},"lc":1,"lj":1,"ml":4,"bm":0,"nm":"Stroke 1","mn":"ADBE Vector Graphic - Stroke","hd":false},{"ty":"tr","p":{"a":0,"k":[0,0],"ix":2},"a":{"a":0,"k":[0,0],"ix":1},"s":{"a":0,"k":[100,100],"ix":3},"r":{"a":0,"k":0,"ix":6},"o":{"a":0,"k":100,"ix":7},"sk":{"a":0,"k":0,"ix":4},"sa":{"a":0,"k":0,"ix":5},"nm":"Transform"}],"nm":"Group 1","np":2,"cix":2,"bm":0,"ix":1,"mn":"ADBE Vector Group","hd":false},{"ty":"gr","it":[{"ty":"rc","d":1,"s":{"a":0,"k":[96.617,86.475],"ix":2},"p":{"a":0,"k":[0,0],"ix":3},"r":{"a":0,"k":0,"ix":4},"nm":"Rectangle Path 1","mn":"ADBE Vector Shape - Rect","hd":false},{"ty":"fl","c":{"a":0,"k":[0.305881993911,0.941177009134,0.615685975318,1],"ix":4},"o":{"a":0,"k":0,"ix":5},"r":1,"bm":0,"nm":"Fill 1","mn":"ADBE Vector Graphic - Fill","hd":false},{"ty":"tr","p":{"a":0,"k":[0.809,-0.263],"ix":2},"a":{"a":0,"k":[0,0],"ix":1},"s":{"a":0,"k":[138.668,100],"ix":3},"r":{"a":0,"k":0,"ix":6},"o":{"a":0,"k":100,"ix":7},"sk":{"a":0,"k":0,"ix":4},"sa":{"a":0,"k":0,"ix":5},"nm":"Transform"}],"nm":"Rectangle 2","np":3,"cix":2,"bm":0,"ix":2,"mn":"ADBE Vector Group","hd":false}],"ip":0,"op":900.000036657751,"st":0,"ct":1,"bm":0},{"ddd":0,"ind":5,"ty":4,"nm":"bg","sr":1,"ks":{"o":{"a":0,"k":100,"ix":11},"r":{"a":0,"k":0,"ix":10},"p":{"a":0,"k":[90,60,0],"ix":2,"l":2},"a":{"a":0,"k":[0,0,0],"ix":1,"l":2},"s":{"a":1,"k":[{"i":{"x":[0,0,0.667],"y":[1,1,1]},"o":{"x":[0,0,0.333],"y":[0,0,0]},"t":8,"s":[50,50,100]},{"i":{"x":[0,0,0.667],"y":[1,1,1]},"o":{"x":[0.333,0.333,0.333],"y":[0,0,0]},"t":14,"s":[105,105,100]},{"t":20.0000008146167,"s":[100,100,100]}],"ix":6,"l":2}},"ao":0,"shapes":[{"ty":"gr","it":[{"ind":0,"ty":"sh","ix":1,"ks":{"a":0,"k":{"i":[[-23.749,0],[0,0],[0,-23.749],[0,0],[23.749,0],[0,0],[0,23.749],[0,0]],"o":[[0,0],[23.749,0],[0,0],[0,23.749],[0,0],[-23.749,0],[0,0],[0,-23.749]],"v":[[-24.572,-43.001],[24.572,-43.001],[67.573,0],[67.573,0],[24.572,43.001],[-24.572,43.001],[-67.573,0],[-67.573,0]],"c":true},"ix":2},"nm":"Path 1","mn":"ADBE Vector Shape - Group","hd":false},{"ty":"fl","c":{"a":0,"k":[0.305882352941,0.941176530427,0.61568627451,1],"ix":4},"o":{"a":0,"k":10,"ix":5},"r":1,"bm":0,"nm":"Fill 1","mn":"ADBE Vector Graphic - Fill","hd":false},{"ty":"tr","p":{"a":0,"k":[0,0],"ix":2},"a":{"a":0,"k":[0,0],"ix":1},"s":{"a":0,"k":[100,100],"ix":3},"r":{"a":0,"k":0,"ix":6},"o":{"a":0,"k":100,"ix":7},"sk":{"a":0,"k":0,"ix":4},"sa":{"a":0,"k":0,"ix":5},"nm":"Transform"}],"nm":"Group 1","np":2,"cix":2,"bm":0,"ix":1,"mn":"ADBE Vector Group","hd":false}],"ip":8.00000032584668,"op":898.00003657629,"st":-2.00000008146167,"ct":1,"bm":0}],"markers":[],"props":{}}